Model,Test Loss (MSE)
Linear Regression,0.4910188062324325
Polynomial Regression,0.29578533172607424
Support Vector Regression,0.25172846899649765
Decision Tree,0.015
Random Forest,0.013078000000000003
Gradient Boosting,0.10948036012641058
XGBoost,0.0063367193039440715
AdaBoost,0.28457635305746287
LSTM,0.12897570271403608
